NKL _Hugo_Symbol,NKL _Variant_Classification,NKL _Protein_Change
CD58,Start_Codon_SNP,M1T
CD58,Frame_Shift_Del,G136fs
CXCR4,Frame_Shift_Ins,S324fs
TET2,Splice_Site,NA
DDX3X,Nonsense_Mutation,R603*
TP53,Splice_Site,NA
IDH1,Missense_Mutation,R132H
HFE,Missense_Mutation,R71L
PCLO,Missense_Mutation,E2337K
APLNR,Missense_Mutation,R317C
KRT31,Missense_Mutation,R202P
TNFAIP3,Frame_Shift_Del,S408fs
XIRP2,Frame_Shift_Del,T2025fs
PKD2L2,Splice_Site,NA
TRIM56,Frame_Shift_Del,G52fs
COL22A1,Frame_Shift_Ins,T304fs
OLFM1,Frame_Shift_Ins,H146fs
EBLN1,Frame_Shift_Del,K91fs
CAB39L,Frame_Shift_Ins,M4fs
MYO16,De_novo_Start_OutOfFrame,NA
TMCO3,Frame_Shift_Del,T437fs
AL133373.1,Splice_Site,NA
PPM1D,Frame_Shift_Del,SQRKNSVK570fs
NPB,Stop_Codon_Del,NA
TSPY8,Frame_Shift_Ins,S146fs
DVL1,Splice_Site,I446I
VPS13D,De_novo_Start_OutOfFrame,NA
OR2T1,Nonsense_Mutation,K322*
CPS1,Nonsense_Mutation,Q188*
SGOL1,Splice_Site,NA
OR5H14,Nonsense_Mutation,Q266*
SREK1IP1,Splice_Site,NA
VCAN,Nonsense_Mutation,Q461*
ABCA2,Splice_Site,R2424Q
FAM166A,Nonsense_Mutation,Q190*
FAS,Nonsense_Mutation,Q283*
TCTN3,Nonsense_Mutation,Q337*
ANKRD2,Splice_Site,L246L
NOX4,Nonsense_Mutation,R231*
KMT2D,Nonsense_Mutation,Q3585*
KCNK10,Nonsense_Mutation,E513*
LRRC37B,Nonsense_Mutation,E804*
MEGF9,In_Frame_Del,AA30del
EIF4B,In_Frame_Del,YRDG241del
ENAH,In_Frame_Del,ERQERL217del
HDGFL1,In_Frame_Ins,188_189insA
FOXB2,In_Frame_Del,AA232del
BTBD7,In_Frame_Ins,855_856insAA
ARIH1,In_Frame_Ins,79_79G>GG
CCL22,In_Frame_Ins,44_45insS
CTDP1,In_Frame_Ins,582_583insE
ZBTB17,Missense_Mutation,D752N
NBPF1,Missense_Mutation,M866I
TMCO4,Missense_Mutation,D367E
VWA5B1,Missense_Mutation,E874K
LACTBL1,Missense_Mutation,R246C
MAP7D1,Missense_Mutation,P242S
SCP2,Missense_Mutation,I192M
C1orf173,Missense_Mutation,V747M
FUBP1,Missense_Mutation,K387E
TSHB,Missense_Mutation,R75K
C1orf111,Missense_Mutation,N147K
RALGPS2,Missense_Mutation,M60L
HMCN1,Missense_Mutation,D4115H
BRINP3,Missense_Mutation,G578S
ATAD2B,Missense_Mutation,S1242F
GTF2A1L,Missense_Mutation,P6Q
CTNNA2,Missense_Mutation,N351H
DNAH6,Missense_Mutation,S1045Y
LYG2,Missense_Mutation,H134Y
ARHGEF4,Missense_Mutation,R56S
NCKAP5,Missense_Mutation,S1337I
NMI,Missense_Mutation,H124Q
COBLL1,Missense_Mutation,T225I
CHRNA1,Missense_Mutation,G457E
HOXD13,Missense_Mutation,G216R
FSIP2,Missense_Mutation,N1005Y
RAPH1,Missense_Mutation,G557V
ABCA12,Missense_Mutation,V2326A
CHL1,Missense_Mutation,R645Q
GADL1,Missense_Mutation,F492L
STAC,Missense_Mutation,A210V
PLXNB1,Missense_Mutation,L1314F
DOCK3,Missense_Mutation,R1239L
ROBO2,Missense_Mutation,T59M
GRAMD1C,Missense_Mutation,C396W
KIAA1407,Missense_Mutation,L570V
NR1I2,Missense_Mutation,L314R
ROPN1,Missense_Mutation,S178L
EFCAB12,Missense_Mutation,D467G
EHHADH,Missense_Mutation,G717S
EVC2,Missense_Mutation,Q730R
FAM184B,Missense_Mutation,R973C
KCNIP4,Missense_Mutation,E86A
SLAIN2,Missense_Mutation,P57S
ERVMER34-1,Missense_Mutation,I454V
KIAA1211,Missense_Mutation,E463Q
PRSS12,Missense_Mutation,H84L
FAT4,Missense_Mutation,K1121E
GUCY1A3,Missense_Mutation,C460W
FAT1,Missense_Mutation,P4289H
VCAN,Missense_Mutation,S2692F
ARSK,Missense_Mutation,A504P
LNPEP,Missense_Mutation,E62D
PAM,Missense_Mutation,N653S
POU4F3,Missense_Mutation,A134V
ATP10B,Missense_Mutation,S538R
RNF44,Missense_Mutation,Q193P
ZNF354B,Missense_Mutation,Q533L
SERPINB1,Missense_Mutation,D265E
KIF13A,Missense_Mutation,R722S
LRRC16A,Missense_Mutation,D497N
TRIM40,Missense_Mutation,E131K
DPCR1,Missense_Mutation,D45N
CLPSL2,Missense_Mutation,V8M
BTBD9,Missense_Mutation,H312Y
MRPL2,Missense_Mutation,S146N
MRAP2,Missense_Mutation,T22A
FABP7,Missense_Mutation,K22Q
SLC2A12,Missense_Mutation,G59R
SYNE1,Missense_Mutation,D1264N
LPA,Missense_Mutation,D1053N
BAZ1B,Missense_Mutation,R1020S
MEPCE,Missense_Mutation,H95R
GIGYF1,Missense_Mutation,S576G
FBXL13,Missense_Mutation,A734T
CAV2,Missense_Mutation,E6K
RBM33,Missense_Mutation,G287V
PLEKHA2,Missense_Mutation,W104C
PRKDC,Missense_Mutation,D3672H
RP1,Missense_Mutation,D440N
SULF1,Missense_Mutation,R486W
RAD54B,Missense_Mutation,D840Y
FAM135B,Missense_Mutation,D411N
EPPK1,Missense_Mutation,A54V
TSTD2,Missense_Mutation,M28I
FOXE1,Missense_Mutation,A292T
RABL6,Missense_Mutation,T54M
TPRN,Missense_Mutation,S264R
ARMC3,Missense_Mutation,P289A
ARHGAP21,Missense_Mutation,I248V
NPY4R,Missense_Mutation,N145H
DNA2,Missense_Mutation,E309G
ABCC2,Missense_Mutation,D750Y
SUFU,Missense_Mutation,T13P
OR52B4,Missense_Mutation,L96M
SBF2,Missense_Mutation,I452K
OR8J1,Missense_Mutation,M118I
PATL1,Missense_Mutation,Y530D
NOX4,Missense_Mutation,E272G
HEPHL1,Missense_Mutation,H115Y
PVRL1,Missense_Mutation,R454Q
B3GAT1,Missense_Mutation,R75Q
PLBD1,Missense_Mutation,D224G
PLEKHA5,Missense_Mutation,T182A
ABCC9,Missense_Mutation,G178R
MUC19,Missense_Mutation,D908G
C12orf55,Missense_Mutation,E660Q
ZMYM2,Missense_Mutation,S1239A
FLT1,Missense_Mutation,A1319T
DIAPH3,Missense_Mutation,M366R
NALCN,Missense_Mutation,G1358C
TMEM255B,Missense_Mutation,E79D
OR4K2,Missense_Mutation,A311G
AKAP6,Missense_Mutation,I1798M
GPHN,Missense_Mutation,E431K
NRXN3,Missense_Mutation,S684A
UNC79,Missense_Mutation,P554L
ATG2B,Missense_Mutation,G1933A
PPP1R13B,Missense_Mutation,P468L
ARHGAP17,Missense_Mutation,P686L
ARMC5,Missense_Mutation,T141R
AARS,Missense_Mutation,I195T
FANCA,Missense_Mutation,T1102I
SRR,Missense_Mutation,I244N
ADAP2,Missense_Mutation,R378C
SLFN14,Missense_Mutation,L141W
AARSD1,Missense_Mutation,W249C
HEATR6,Missense_Mutation,Y148C
SCN4A,Missense_Mutation,G379W
GRIN2C,Missense_Mutation,A1142T
KIAA0195,Missense_Mutation,V345A
SLC39A6,Missense_Mutation,K216E
LOXHD1,Missense_Mutation,I1799F
SKOR2,Missense_Mutation,Y176H
SALL3,Missense_Mutation,G1142C
KCNG2,Missense_Mutation,R155W
DOT1L,Missense_Mutation,N1135K
MUC16,Missense_Mutation,G1928A
ZNF627,Missense_Mutation,E438A
SYDE1,Missense_Mutation,R238C
UNC13A,Missense_Mutation,L900V
DMKN,Missense_Mutation,N203T
ZNF260,Missense_Mutation,H412R
GLTSCR1,Missense_Mutation,H878P
NR1H2,Missense_Mutation,E176D
NKG7,Missense_Mutation,Y162N
ZNF547,Missense_Mutation,K185R
PANK2,Missense_Mutation,S143A
EDEM2,Missense_Mutation,P537A
RIMS4,Missense_Mutation,E120D
ZNFX1,Missense_Mutation,Q483R
CDH26,Missense_Mutation,P435S
APOBEC3G,Missense_Mutation,Q354H
PNPLA5,Missense_Mutation,H205R
CELSR1,Missense_Mutation,V503M
P2RY8,Missense_Mutation,Q301P
SYN1,Missense_Mutation,Q659H
FGD1,Missense_Mutation,I180L
CNGA2,Missense_Mutation,L130Q
TSPY1,Missense_Mutation,L112M
MT-ND2,Missense_Mutation,M37I
MT-ND2,Missense_Mutation,I100M
MT-ATP6,Missense_Mutation,T112A
MT-CO3,Missense_Mutation,L22F
MT-CYB,Missense_Mutation,T194A
